{
	"password": "asd",
	"products": [
		{
			"prod_id": 1,
			"prod_name": "Snickers",
			"prod_price": 2.10,
			"prod_amount": 10
		},
		{
			"prod_id": 2,
			"prod_name": "Twix",
			"prod_price": 3.50,
			"prod_amount": 15
		},
		{
			"prod_id": 3,
			"prod_name": "Mars",
			"prod_price": 1.80,
			"prod_amount": 30
		},
		{
			"prod_id": 4,
			"prod_name": "Java",
			"prod_price": 9.85,
			"prod_amount": 5
		},
		{
			"prod_id": 5,
			"prod_name": "Milka",
			"prod_price": 0.90,
			"prod_amount": 20
		}
	]
}